gene	junction_coord	cluster_id	total_reads	psi_24hpf	psi_30hpf	psi_48hpf	psi_72hpf	psi_4dpf	psi_5dpf	spearman_rho	spearman_p	ptc_distance	exon_length	ejc_distance	exons_before	exons_after	nmd_eligible
krt91	chr19:6291075-6313430	clu_2349_-	20065	0.849613	0.803498	0.50103	0.299053	0.190735	0.181808	-1.0	0.0						False
trdn	chr20:43466138-43466490	clu_2455_+	12085	0.174699	0.135959	0.057455	0.018251	0.010899	0.007761	-1.0	0.0						False
zgc:103692	chr5:33845000-33918765	clu_714_-	2317	0.018779	0.025349	0.029259	0.052273	0.125119	0.085714	0.9429	0.0048						False
eif3jb	chr7:31475884-31476071	clu_927_+	15158	0.000239	0.000315	0.003028	0.009959	0.007368	0.012083	0.9429	0.0048						False
dedd1	chr16:11101379-11106742	clu_1924_+	3574	0.06818	0.072387	0.124122	0.141835	0.172324	0.146935	0.9429	0.0048						False
fam133b	chr19:42971885-42972147	clu_2318_+	16003	0.09361	0.077357	0.106449	0.124005	0.130342	0.166458	0.9429	0.0048	6.0	24.0		5.0	4.5	False
atp1a1a.2	chr1:2425958-2525850	clu_5_+	49234	0.012006	0.017605	0.008711	0.008959	0.007458	0.003592	-0.8857	0.0188						False
hnrnpc	chr2:41056116-41057310	clu_193_+	40286	0.003314	0.002263	0.001004	0.0014	0.000207	0.000661	-0.8857	0.0188						False
uncx	chr3:42418525-42420524	clu_433_-	5752	0.039565	0.023136	0.016433	0.01956	0.006324	0.014547	-0.8857	0.0188						False
mtrfr	chr5:75801004-75803363	clu_662_+	1062	0.101561	0.105374	0.034991	0.041925	0.029444	0.02907	-0.8857	0.0188			0.0			False
psda	chr13:25898046-25898294	clu_1672_-	179	0.0	0.857143	0.764706	0.909091	0.888889	0.927778	0.8857	0.0188						False
LOC141378492	chr17:2439731-2446416	clu_2047_+	294	0.508707	0.606771	0.392857	0.342593	0.170068	0.190476	-0.8857	0.0188						False
hnrnpa1b	chr23:39414472-39415829	clu_2781_+	3403	0.029461	0.018349	0.008989	0.009058	0.0	0.0	-0.8857	0.0188						False
cald1a	chr4:7979074-7983016	clu_464_+	3281	0.0	0.0	0.001553	0.081379	0.120175	0.080185	0.8286	0.0416	135.0	345.0		11.0	2.0	True
chd3	chr7:20653492-20693914	clu_994_-	1539	0.0	0.0	0.015244	0.039216	0.065173	0.025889	0.8286	0.0416						False
srpk3	chr8:9861937-9879602	clu_1064_+	4795	0.017398	0.013552	0.024353	0.022656	0.045488	0.032571	0.8286	0.0416						False
mtrex	chr10:8648060-8771879	clu_1310_+	1421	0.082336	0.059403	0.0125	0.0	0.004202	0.0	-0.8286	0.0416						False
abca5	chr12:40802468-40802528	clu_1541_+	110	0.833333	0.875	0.888889	1.0	0.95	0.961538	0.8286	0.0416						False
thrap3a	chr16:39152413-39152817	clu_1958_+	414	0.047009	0.092593	0.179552	0.228922	0.185714	0.217949	0.8286	0.0416	276.0	387.0		5.0	4.0	True
LOC141378492	chr17:2446472-2449530	clu_2047_+	294	0.267211	0.229167	0.31746	0.212963	0.190901	0.039683	-0.8286	0.0416						False
si:dkey-219c3.2	chr25:21443086-21585046	clu_2953_+	3227	0.0	0.0	0.0	0.006938	0.007219	0.005435	0.8286	0.0416						False
chsy1	chr7:9232933-9270810	clu_901_+	777	0.188228	0.077062	0.175498	0.175	0.055556	0.061905	-0.7714	0.0724						False
chsy1	chr7:9244805-9270810	clu_901_+	777	0.109656	0.104878	0.154865	0.156841	0.136343	0.255238	0.7714	0.0724						False
rpl34	chr7:62424287-62438658	clu_965_+	37423	0.007327	0.006372	0.002554	0.00268	0.003559	0.00221	-0.7714	0.0724						False
espn	chr8:56811435-56815671	clu_1102_+	5338	0.010386	0.003106	0.027848	0.450244	0.37656	0.388764	0.7714	0.0724	327.0	342.0	327.0	13.0	1.0	True
pcdh2g1	chr14:2403791-2423390	clu_1772_-	253	0.545699	0.655914	0.333333	0.458333	0.4	0.205882	-0.7714	0.0724						False
meis2a	chr17:58974326-58974696	clu_2093_+	215	0.94	0.933333	0.940952	0.958333	1.0	0.941176	0.7714	0.0724						False
epb41a	chr19:14874246-14914822	clu_2369_-	12272	0.008859	0.006641	0.003144	0.004181	0.004771	0.002085	-0.7714	0.0724						False
eif3ja	chr25:34326251-34328022	clu_3021_-	107567	0.003027	0.001689	0.000833	0.001751	0.000177	0.000504	-0.7714	0.0724						False
ubtf	chr3:18708945-18832367	clu_383_-	10264	0.008189	0.011928	0.002249	0.0	0.0	0.0	-0.7143	0.1108						False
rpl7a	chr5:33845000-33905626	clu_714_-	2317	0.042862	0.006366	0.039929	0.0	0.0	0.0	-0.7143	0.1108						False
micu1	chr13:4868581-4869074	clu_1598_+	107	0.9	0.921053	1.0	0.866667	0.785714	0.8	-0.7143	0.1108						False
homer1	chr21:302768-303018	clu_2546_+	326	0.535714	0.421053	0.372549	0.311616	0.391026	0.361905	-0.7143	0.1108						False
cald1a	chr4:7978796-7979029	clu_464_+	3281	0.001279	0.0	0.0	0.073427	0.049127	0.057407	0.6571	0.1562						False
nap1l1	chr4:2459320-2698173	clu_521_-	201488	0.000212	0.000628	0.000142	0.000221	0.0	0.0	-0.6571	0.1562						False
rpl7a	chr5:33845000-33905606	clu_714_-	2317	0.536603	0.609663	0.595651	0.599538	0.482857	0.46619	-0.6	0.208						False
tulp1b	chr6:57243654-57249639	clu_822_+	255	0.034483	0.0	0.0	0.925463	0.871759	0.858333	0.6	0.208	45.0	126.0		2.0	11.0	True
dcaf1	chr8:63889977-63890340	clu_1175_-	220	0.956522	0.965517	1.0	0.97619	0.961538	1.0	0.6	0.208						False
sona	chr9:37537571-37537933	clu_1213_+	19704	0.010618	0.005241	0.009425	0.009815	0.017398	0.012133	0.6	0.208						False
hnrnpa1a	chr11:2120870-2277828	clu_1454_-	1173	0.917821	0.957456	0.920871	0.934184	0.104487	0.038354	-0.6	0.208						False
ssrp1a	chr14:26144483-26284985	clu_1790_-	36434	0.034865	0.043588	0.027975	0.056635	0.024557	0.009822	-0.6	0.208						False
ptprsb	chr2:63334359-63334842	clu_272_-	169	0.6875	0.705882	0.502381	0.666667	0.5375	0.630435	-0.5429	0.2657						False
chsy1	chr7:9232787-9270810	clu_901_+	777	0.120833	0.127904	0.098626	0.098791	0.207176	0.22619	0.5429	0.2657						False
wu:fb18f06	chr15:49936286-49953279	clu_1873_+	39412	0.00505	0.005793	0.007829	0.0	0.000429	0.001374	-0.5429	0.2657						False
thrap3b	chr19:4247414-4248131	clu_2339_-	10928	0.039466	0.046649	0.052731	0.030871	0.05138	0.082499	0.5429	0.2657	210.0	342.0		6.0	4.0	True
pcdh1a6	chr10:26480739-26486674	clu_1321_+	239	0.6	0.833333	0.911616	0.858459	0.892857	0.857143	0.4857	0.3287						False
wu:fb18f06	chr15:49936286-49953285	clu_1873_+	39412	0.248194	0.33723	0.31293	0.340667	0.131382	0.109175	-0.4857	0.3287						False
sh3pxd2aa	chr1:50792221-50992582	clu_52_+	363	0.103704	0.038328	0.0	0.0	0.0	0.0	-0.4286	0.3965						False
npm1a	chr10:26913336-26920262	clu_1325_+	24691	0.01883	0.034533	0.019208	0.016874	0.028598	0.037551	0.4286	0.3965	0.0	42.0		5.0	5.0	False
npm1a	chr10:26920333-26997188	clu_1326_+	16963	0.207734	0.203573	0.243695	0.262545	0.233691	0.207977	0.4286	0.3965						False
srek1ip1	chr10:12054290-12054370	clu_1366_-	10934	0.006244	0.005641	0.006768	0.006884	0.001035	0.003804	-0.4286	0.3965			-1.0			False
camta1b	chr11:42513831-42514258	clu_1441_+	131	0.222222	0.638889	0.412281	0.569444	0.647059	0.555556	0.4286	0.3965						False
atp2b3b	chr23:22811339-22811366	clu_2814_-	73	1.0	1.0	1.0	1.0	0.868421	0.8125	-0.4286	0.3965						False
ybx1	chr8:56561777-56877367	clu_1168_-	186	0.046218	0.132143	0.0	0.0	0.0	0.0	-0.3714	0.4685						False
tpm2	chr10:6834685-6840484	clu_1304_+	2730	0.038719	0.014241	0.027487	0.044417	0.066512	0.038217	0.3714	0.4685						False
si:ch211-86h15.1	chr11:24726581-24731533	clu_1419_+	462	0.14881	0.148906	0.179293	0.106061	0.153125	0.163248	0.3714	0.4685						False
frem2b	chr15:35141924-35142367	clu_1902_-	548	0.186111	0.171545	0.114583	0.044261	0.082143	0.176754	-0.3714	0.4685						False
homer1	chr21:302468-302882	clu_2546_+	326	0.071429	0.210526	0.235294	0.264646	0.25641	0.090476	0.3714	0.4685						False
cc2d2a	chr23:2322507-2324590	clu_2738_+	5754	0.008217	0.012537	0.014714	0.007573	0.010073	0.008007	-0.3714	0.4685	231.0	237.0		15.0	22.0	True
lca5	chr23:34327100-34327872	clu_2838_-	576	0.235271	0.337224	0.164167	0.185578	0.193627	0.195333	-0.3714	0.4685						False
pard3bb	chr9:15180630-15280133	clu_1249_-	69	0.598039	0.5	0.0	0.5	0.571429	0.25	-0.3143	0.5441						False
rbm25b	chr20:54429291-54439736	clu_2540_-	14692	0.005129	0.004718	0.012007	0.009521	0.00484	0.010228	0.3143	0.5441	348.0	501.0		6.0	9.0	True
chsy1	chr7:9233420-9270810	clu_901_+	777	0.045238	0.091463	0.055288	0.059921	0.131944	0.052381	0.2571	0.6228						False
trappc9	chr19:4747826-4748258	clu_2271_+	97	0.666667	0.833333	0.75	1.0	0.732143	0.795	0.2571	0.6228						False
sfpq	chr19:42661268-42681059	clu_2313_+	92	0.611111	0.733333	0.866667	0.627451	0.555556	0.944444	0.2571	0.6228						False
sona	chr9:37537571-37537867	clu_1213_+	19704	0.002729	0.004126	0.002904	0.002256	0.000543	0.004016	-0.2	0.704						False
zgc:171971	chr12:7833810-7835718	clu_1555_-	2167	0.058799	0.05187	0.03098	0.069918	0.05396	0.046119	-0.2	0.704	0.0	147.0		2.0	5.0	True
meis2a	chr17:58973412-58973959	clu_2092_+	103	0.6	0.444444	0.526316	0.454545	0.46875	0.5	-0.2	0.704						False
LOC141379121	chr19:32284528-32409279	clu_2305_+	71011	0.003622	0.004508	0.005075	0.005667	0.003637	0.002854	-0.2	0.704						False
syt5b	chr24:7883022-7905671	clu_2894_-	21996	0.006061	0.012821	0.025881	0.017514	0.015416	0.011651	0.2	0.704						False
pus7	chr25:77532-77567	clu_3029_.	72			1.0	1.0	1.0	0.909091	-0.2	0.8						False
col7a1l	chr4:16532256-16535380	clu_476_+	16210	0.01935	0.020602	0.00932	0.017997	0.025339	0.011717	-0.1429	0.7872						False
stip1	chr5:72811335-72811396	clu_755_-	368	0.202917	0.223485	0.376543	0.482143	0.145455	0.314103	0.1429	0.7872						False
hypk	chr7:52251622-52252264	clu_1029_-	38440	0.002579	0.003297	0.001183	0.002143	0.001812	0.002908	-0.1429	0.7872	42.0	69.0		1.0	2.0	True
adam23a	chr6:14106474-14110571	clu_842_-	1113	0.098039	0.238426	0.304955	0.317457	0.212191	0.165635	0.0857	0.8717						False
tox2	chr6:60693645-60701028	clu_890_-	186	0.7	0.781746	0.857692	0.590278	0.75625	0.719298	-0.0857	0.8717						False
brsk2b	chr7:51327140-51366468	clu_1027_-	723	0.971429	0.960961	0.970455	0.962963	0.986434	0.96748	0.0857	0.8717						False
npm1a	chr10:26913339-26920262	clu_1325_+	24691	0.049777	0.04792	0.042086	0.040464	0.0411	0.05009	-0.0857	0.8717	3.0	45.0		5.0	5.0	False
rrp8	chr15:17656848-17658462	clu_1888_-	943	0.073918	0.065919	0.073671	0.106633	0.077778	0.057207	-0.0857	0.8717	393.0	519.0		0.0	6.0	True
zgc:173742	chr18:15635506-15637246	clu_2178_+	286	0.990476	1.0	1.0	0.956522	1.0	0.966667	-0.0857	0.8717						False
brd2a	chr19:8217109-8218322	clu_2279_+	2631	0.041288	0.026604	0.041771	0.042866	0.057807	0.015504	0.0857	0.8717	645.0	804.0		5.0	5.0	True
ralgps2	chr20:17248262-17248530	clu_2497_-	241	1.0	1.0	0.982759	0.981481	0.978261	1.0	-0.0857	0.8717						False
stip1	chr5:72810934-72811630	clu_755_-	368	0.139167	0.135101	0.160494	0.125	0.092424	0.230769	0.0286	0.9572						False
cadpsb	chr6:43960767-43961123	clu_806_+	139	0.571429	1.0	1.0	0.946429	0.784722	0.9375	-0.0286	0.9572	78.0	102.0		14.0	15.0	True
rps9	chr16:35117225-35117429	clu_1948_+	25862	0.008681	0.005267	0.006508	0.00614	0.002964	0.011082	0.0286	0.9572	672.0	864.0	672.0	2.0	1.0	True
trappc9	chr19:4747614-4748010	clu_2412_.	59					0.7	1.0								False
