sample	condition
ERR738214	24hpf
ERR738221	24hpf
ERR738224	24hpf
ERR738227	24hpf
ERR738229	24hpf
ERR738236	30hpf
ERR738239	30hpf
ERR738242	30hpf
ERR738244	30hpf
ERR738245	30hpf
ERR738249	30hpf
ERR738250	30hpf
ERR738254	30hpf
ERR738263	24hpf
ERR738264	24hpf
ERR738265	24hpf
ERR738267	24hpf
ERR738271	24hpf
ERR738278	24hpf
ERR738285	30hpf
ERR738288	30hpf
ERR738290	30hpf
ERR738291	30hpf
ERR738297	30hpf
ERR738300	30hpf
ERR755663	72hpf
ERR755666	72hpf
ERR755669	72hpf
ERR755674	48hpf
ERR755680	48hpf
ERR755687	48hpf
ERR755688	48hpf
ERR755689	48hpf
ERR755690	48hpf
ERR755692	48hpf
ERR755696	72hpf
ERR755698	72hpf
ERR755702	72hpf
ERR755711	72hpf
ERR755713	72hpf
ERR755715	72hpf
ERR757853	48hpf
ERR757854	72hpf
ERR759362	48hpf
ERR738211	24hpf
ERR738212	24hpf
ERR759369	48hpf
ERR759370	48hpf
ERR738213	24hpf
ERR738215	24hpf
ERR759372	48hpf
ERR738218	24hpf
ERR759373	48hpf
ERR759376	72hpf
ERR738220	24hpf
ERR759377	72hpf
ERR738222	24hpf
ERR759380	72hpf
ERR738223	24hpf
ERR759382	72hpf
ERR738226	24hpf
ERR759383	72hpf
ERR738230	24hpf
ERR830274	4dpf
ERR738231	24hpf
ERR830276	4dpf
ERR738237	30hpf
ERR830279	4dpf
ERR738238	30hpf
ERR830280	4dpf
ERR738246	30hpf
ERR830284	4dpf
ERR738247	30hpf
ERR830288	4dpf
ERR830290	4dpf
ERR738248	30hpf
ERR738252	30hpf
ERR830302	5dpf
ERR738259	24hpf
ERR830308	5dpf
ERR830309	5dpf
ERR738261	24hpf
ERR738262	24hpf
ERR830310	5dpf
ERR738269	24hpf
ERR830311	5dpf
ERR830313	5dpf
ERR738270	24hpf
ERR830321	4dpf
ERR738272	24hpf
ERR738273	24hpf
ERR738274	24hpf
ERR738277	24hpf
ERR830323	4dpf
ERR738292	30hpf
ERR830330	4dpf
ERR738293	30hpf
ERR830333	4dpf
ERR738295	30hpf
ERR830334	4dpf
ERR755662	72hpf
ERR755665	72hpf
ERR755667	72hpf
ERR830336	4dpf
ERR755673	48hpf
ERR830338	4dpf
ERR755676	48hpf
ERR830346	5dpf
ERR830351	5dpf
ERR755677	48hpf
ERR755683	48hpf
ERR830353	5dpf
ERR830356	5dpf
ERR755684	48hpf
ERR755686	48hpf
ERR755691	48hpf
ERR755695	72hpf
ERR755697	72hpf
ERR755700	72hpf
ERR755701	72hpf
ERR755705	72hpf
ERR755706	72hpf
ERR755710	72hpf
ERR755712	72hpf
ERR755714	72hpf
ERR757855	72hpf
ERR830275	4dpf
ERR830277	4dpf
ERR830282	4dpf
ERR830283	4dpf
ERR830286	4dpf
ERR830287	4dpf
ERR830289	4dpf
ERR830293	4dpf
ERR830295	4dpf
ERR830296	4dpf
ERR830299	5dpf
ERR830300	5dpf
ERR830305	5dpf
ERR830312	5dpf
ERR830316	5dpf
ERR830317	5dpf
ERR830318	5dpf
ERR830322	4dpf
ERR830324	4dpf
ERR830325	4dpf
ERR830326	4dpf
ERR830327	4dpf
ERR830329	4dpf
ERR830332	4dpf
ERR830339	4dpf
ERR830341	4dpf
ERR830342	4dpf
ERR830347	5dpf
ERR830348	5dpf
ERR830352	5dpf
ERR830354	5dpf
ERR830357	5dpf
ERR830358	5dpf
ERR830360	5dpf
ERR830362	5dpf
ERR830363	5dpf
ERR830364	5dpf
ERR759356	48hpf
ERR759357	48hpf
ERR759358	48hpf
ERR759361	48hpf
ERR759363	48hpf
ERR759365	48hpf
ERR759368	48hpf
ERR759371	48hpf
ERR759379	72hpf
ERR759381	72hpf
ERR759385	72hpf
ERR759386	72hpf
ERR738216	24hpf
ERR738217	24hpf
ERR738219	24hpf
ERR738225	24hpf
ERR738228	24hpf
ERR738232	24hpf
ERR738233	24hpf
ERR738234	30hpf
ERR738235	30hpf
ERR738240	30hpf
ERR738241	30hpf
ERR738243	30hpf
ERR738251	30hpf
ERR738253	30hpf
ERR738255	30hpf
ERR738256	30hpf
ERR738257	24hpf
ERR738258	24hpf
ERR738260	24hpf
ERR738266	24hpf
ERR738268	24hpf
ERR738275	24hpf
ERR738276	24hpf
ERR738279	24hpf
ERR738280	30hpf
ERR738281	30hpf
ERR738282	30hpf
ERR738283	30hpf
ERR738284	30hpf
ERR738286	30hpf
ERR738287	30hpf
ERR738289	30hpf
ERR738294	30hpf
ERR738296	30hpf
ERR738298	30hpf
ERR738299	30hpf
ERR738301	30hpf
ERR738302	30hpf
ERR755664	72hpf
ERR755668	72hpf
ERR755670	72hpf
ERR755671	48hpf
ERR755672	48hpf
ERR755675	48hpf
ERR755678	48hpf
ERR755679	48hpf
ERR755681	48hpf
ERR755682	48hpf
ERR755685	48hpf
ERR755693	48hpf
ERR755694	72hpf
ERR755699	72hpf
ERR755703	72hpf
ERR755704	72hpf
ERR755707	72hpf
ERR755708	72hpf
ERR755709	72hpf
ERR755716	72hpf
ERR757851	48hpf
ERR757852	48hpf
ERR759359	48hpf
ERR759360	48hpf
ERR759364	48hpf
ERR759366	48hpf
ERR759367	48hpf
ERR759374	48hpf
ERR759375	48hpf
ERR759378	72hpf
ERR759384	72hpf
ERR759387	72hpf
ERR830278	4dpf
ERR830281	4dpf
ERR830285	4dpf
ERR830291	4dpf
ERR830292	4dpf
ERR830294	4dpf
ERR830297	5dpf
ERR830298	5dpf
ERR830301	5dpf
ERR830303	5dpf
ERR830304	5dpf
ERR830306	5dpf
ERR830307	5dpf
ERR830314	5dpf
ERR830315	5dpf
ERR830319	5dpf
ERR830320	4dpf
ERR830328	4dpf
ERR830331	4dpf
ERR830335	4dpf
ERR830337	4dpf
ERR830340	4dpf
ERR830343	5dpf
ERR830344	5dpf
ERR830345	5dpf
ERR830349	5dpf
ERR830350	5dpf
ERR830355	5dpf
ERR830359	5dpf
ERR830361	5dpf
ERR830365	5dpf
